,Name ,Gender,Age,Salary(EGP)
0,Mark,M,20.0,30938.600000000002
1,John ,M,60.0,37126.32
2,Edward,M,42.0,92815.8
3,Salah,M,31.0,154693.0
4,Ahmed,M,43.0,52595.62
5,Sara,F,25.0,58783.340000000004
6,Julia,F,21.0,60330.270000000004
